{
  "loss": [
    0.9475041627883911,
    0.5922155976295471,
    0.4857581555843353,
    0.4188467562198639,
    0.37014317512512207,
    0.3323906660079956,
    0.30193933844566345,
    0.2768596112728119,
    0.25537940859794617,
    0.23696188628673553,
    0.2208278626203537,
    0.20668919384479523,
    0.19380411505699158,
    0.18242011964321136,
    0.17210566997528076,
    0.16273978352546692,
    0.1541881412267685,
    0.1463327407836914,
    0.13908977806568146,
    0.13238826394081116,
    0.12615860998630524,
    0.1203732043504715,
    0.11496034264564514,
    0.10993249714374542,
    0.10519509017467499,
    0.10079717636108398,
    0.09662433713674545,
    0.0927572250366211,
    0.08905297517776489,
    0.08561909943819046
  ],
  "accuracy": [
    0.7513594031333923,
    0.8349091410636902,
    0.8577867150306702,
    0.8736099600791931,
    0.8852446675300598,
    0.8955812454223633,
    0.9042276740074158,
    0.9104247093200684,
    0.9167197346687317,
    0.9215450882911682,
    0.9259295463562012,
    0.930069088935852,
    0.9337431788444519,
    0.9369519352912903,
    0.940136194229126,
    0.9425365924835205,
    0.9454514384269714,
    0.9480478167533875,
    0.9500073194503784,
    0.9522852897644043,
    0.9544162750244141,
    0.9560574293136597,
    0.9576985239982605,
    0.9591681957244873,
    0.9608582854270935,
    0.9622054696083069,
    0.9632097482681274,
    0.9640180468559265,
    0.9651937484741211,
    0.9662715196609497
  ],
  "val_loss": [
    0.6486303806304932,
    0.5749947428703308,
    0.5306238532066345,
    0.5046088695526123,
    0.48715075850486755,
    0.47957319021224976,
    0.47471266984939575,
    0.4741942286491394,
    0.47505781054496765,
    0.4754476845264435,
    0.47826656699180603,
    0.4805908203125,
    0.4837177097797394,
    0.48696982860565186,
    0.49111995100975037,
    0.4954073131084442,
    0.5001486539840698,
    0.5050213932991028,
    0.5102677345275879,
    0.5159062743186951,
    0.5214897990226746,
    0.5269946455955505,
    0.532846987247467,
    0.5387049913406372,
    0.5448112487792969,
    0.5505507588386536,
    0.5565530061721802,
    0.5625002980232239,
    0.5683481097221375,
    0.5744333267211914
  ],
  "val_accuracy": [
    0.7984716296195984,
    0.822964608669281,
    0.8329577445983887,
    0.8422651290893555,
    0.8475555777549744,
    0.8524541854858398,
    0.8557852506637573,
    0.8577446937561035,
    0.8581365942955017,
    0.8601939678192139,
    0.861075758934021,
    0.8607817888259888,
    0.8613696694374084,
    0.8616635799407959,
    0.861173689365387,
    0.861075758934021,
    0.8603899478912354,
    0.8616635799407959,
    0.8623493909835815,
    0.8623493909835815,
    0.862741231918335,
    0.8628392219543457,
    0.8628392219543457,
    0.8635250329971313,
    0.8632311224937439,
    0.8634270429611206,
    0.8639169335365295,
    0.864210844039917,
    0.865778386592865,
    0.8652885556221008
  ]
}