{
  "loss": [
    2.432077407836914,
    1.3831340074539185,
    1.0439990758895874,
    0.830887496471405,
    0.6823655962944031,
    0.5746932625770569,
    0.4922669529914856,
    0.42684563994407654,
    0.37386101484298706,
    0.3303031027317047
  ],
  "accuracy": [
    0.36000001430511475,
    0.6433333158493042,
    0.7408333420753479,
    0.7983333468437195,
    0.8383333086967468,
    0.8608333468437195,
    0.8849999904632568,
    0.903333306312561,
    0.9133333563804626,
    0.9333333373069763
  ],
  "val_loss": [
    1.463255763053894,
    1.235341191291809,
    1.1126511096954346,
    1.032387375831604,
    0.980056643486023,
    0.9411513209342957,
    0.9097524285316467,
    0.8840547800064087,
    0.8631030321121216,
    0.8461822867393494
  ],
  "val_accuracy": [
    0.5666666626930237,
    0.6333333253860474,
    0.6899999976158142,
    0.7133333086967468,
    0.7300000190734863,
    0.7400000095367432,
    0.75,
    0.753333330154419,
    0.7599999904632568,
    0.7666666507720947
  ]
}