{
  "loss": [
    2.473362445831299,
    1.3897881507873535,
    1.0466407537460327,
    0.831757128238678,
    0.6835411787033081,
    0.5761318206787109,
    0.4934188425540924,
    0.4276215136051178,
    0.3743058741092682,
    0.3305179476737976
  ],
  "accuracy": [
    0.34833332896232605,
    0.6299999952316284,
    0.7316666841506958,
    0.7975000143051147,
    0.8299999833106995,
    0.8658333420753479,
    0.8891666531562805,
    0.9049999713897705,
    0.9191666841506958,
    0.9399999976158142
  ],
  "val_loss": [
    1.4506391286849976,
    1.206986427307129,
    1.0824702978134155,
    1.006865382194519,
    0.9539586305618286,
    0.9143363237380981,
    0.8831253051757812,
    0.8578081130981445,
    0.8371331691741943,
    0.8204916715621948
  ],
  "val_accuracy": [
    0.5600000023841858,
    0.6666666865348816,
    0.6800000071525574,
    0.7233333587646484,
    0.7366666793823242,
    0.75,
    0.7566666603088379,
    0.7599999904632568,
    0.7699999809265137,
    0.7666666507720947
  ]
}