{
  "loss": [
    1.6192646026611328,
    0.40690484642982483,
    0.28584957122802734,
    0.26993897557258606,
    0.26445016264915466,
    0.2617044448852539,
    0.2600296139717102,
    0.25888338685035706,
    0.2580443024635315,
    0.25739777088165283
  ],
  "accuracy": [
    0.6691666841506958,
    0.9541666507720947,
    0.9941666722297668,
    0.9991666674613953,
    1.0,
    1.0,
    1.0,
    1.0,
    1.0,
    1.0
  ],
  "val_loss": [
    1.5894434452056885,
    1.136895775794983,
    1.106100082397461,
    1.1058911085128784,
    1.1127773523330688,
    1.1142386198043823,
    1.1178745031356812,
    1.124693751335144,
    1.13139009475708,
    1.1368074417114258
  ],
  "val_accuracy": [
    0.6200000047683716,
    0.7400000095367432,
    0.753333330154419,
    0.7599999904632568,
    0.7633333206176758,
    0.7699999809265137,
    0.7599999904632568,
    0.7633333206176758,
    0.7633333206176758,
    0.7666666507720947
  ]
}