{
  "loss": [
    2.4611058235168457,
    1.3844135999679565,
    1.0365344285964966,
    0.823477566242218,
    0.6775667071342468,
    0.571023166179657,
    0.4892560839653015,
    0.4239795207977295,
    0.3708902597427368,
    0.3271934390068054,
    0.29084497690200806,
    0.2602989077568054,
    0.23437614738941193,
    0.21217632293701172,
    0.1930084526538849,
    0.17633754014968872,
    0.16174443066120148,
    0.14889658987522125,
    0.13752642273902893,
    0.12741640210151672,
    0.11838750541210175,
    0.11029119789600372,
    0.10300324857234955,
    0.0964190810918808,
    0.09045016765594482
  ],
  "accuracy": [
    0.3241666555404663,
    0.6583333611488342,
    0.7491666674613953,
    0.8066666722297668,
    0.8475000262260437,
    0.8799999952316284,
    0.8958333134651184,
    0.9083333611488342,
    0.9208333492279053,
    0.9366666674613953,
    0.9458333253860474,
    0.9541666507720947,
    0.9591666460037231,
    0.9633333086967468,
    0.9683333039283752,
    0.9708333611488342,
    0.9725000262260437,
    0.9750000238418579,
    0.9758333563804626,
    0.9800000190734863,
    0.9825000166893005,
    0.9825000166893005,
    0.9833333492279053,
    0.98416668176651,
    0.9866666793823242
  ],
  "val_loss": [
    1.5134764909744263,
    1.2432595491409302,
    1.114829659461975,
    1.0353940725326538,
    0.9804812669754028,
    0.939871609210968,
    0.9074161052703857,
    0.8805095553398132,
    0.858336865901947,
    0.8404380083084106,
    0.826259195804596,
    0.8152041435241699,
    0.8067296147346497,
    0.800357460975647,
    0.7956798076629639,
    0.7923597097396851,
    0.7901282906532288,
    0.7887716889381409,
    0.7881211638450623,
    0.7880427241325378,
    0.7884293794631958,
    0.7891958951950073,
    0.7902737259864807,
    0.7916069626808167,
    0.7931495308876038
  ],
  "val_accuracy": [
    0.5366666913032532,
    0.6333333253860474,
    0.6600000262260437,
    0.6866666674613953,
    0.7099999785423279,
    0.7300000190734863,
    0.7300000190734863,
    0.7566666603088379,
    0.7633333206176758,
    0.7766666412353516,
    0.7733333110809326,
    0.7733333110809326,
    0.7766666412353516,
    0.7799999713897705,
    0.7799999713897705,
    0.7866666913032532,
    0.7866666913032532,
    0.7866666913032532,
    0.7799999713897705,
    0.7799999713897705,
    0.7766666412353516,
    0.7833333611488342,
    0.7833333611488342,
    0.7833333611488342,
    0.7833333611488342
  ]
}