{
  "loss": [
    1.5318585634231567,
    0.35559192299842834,
    0.2729959785938263,
    0.2635798156261444,
    0.26046812534332275,
    0.25888362526893616,
    0.25789085030555725,
    0.25720009207725525,
    0.25668489933013916,
    0.2562826871871948,
    0.2559555768966675,
    0.2556818723678589,
    0.25544625520706177,
    0.25523966550827026,
    0.25505438446998596,
    0.25488534569740295,
    0.2547289729118347,
    0.25458237528800964,
    0.2544431984424591,
    0.25430983304977417,
    0.25418075919151306,
    0.2540552318096161,
    0.25393202900886536,
    0.25381067395210266,
    0.2536905109882355
  ],
  "accuracy": [
    0.6766666769981384,
    0.9574999809265137,
    0.9983333349227905,
    1.0,
    1.0,
    1.0,
    1.0,
    1.0,
    1.0,
    1.0,
    1.0,
    1.0,
    1.0,
    1.0,
    1.0,
    1.0,
    1.0,
    1.0,
    1.0,
    1.0,
    1.0,
    1.0,
    1.0,
    1.0,
    1.0
  ],
  "val_loss": [
    1.483085036277771,
    1.2126165628433228,
    1.1691904067993164,
    1.1770589351654053,
    1.1923245191574097,
    1.2035013437271118,
    1.2117162942886353,
    1.2196495532989502,
    1.2268058061599731,
    1.2324798107147217,
    1.237766981124878,
    1.2416115999221802,
    1.2453006505966187,
    1.2487038373947144,
    1.252524971961975,
    1.2549810409545898,
    1.2579479217529297,
    1.2603453397750854,
    1.2626577615737915,
    1.2647757530212402,
    1.2667030096054077,
    1.2684310674667358,
    1.2704498767852783,
    1.272348165512085,
    1.2739737033843994
  ],
  "val_accuracy": [
    0.6866666674613953,
    0.7233333587646484,
    0.7433333396911621,
    0.7733333110809326,
    0.7599999904632568,
    0.7699999809265137,
    0.7666666507720947,
    0.7599999904632568,
    0.7566666603088379,
    0.753333330154419,
    0.753333330154419,
    0.753333330154419,
    0.753333330154419,
    0.753333330154419,
    0.753333330154419,
    0.7566666603088379,
    0.753333330154419,
    0.753333330154419,
    0.7566666603088379,
    0.7566666603088379,
    0.7566666603088379,
    0.7566666603088379,
    0.7566666603088379,
    0.7566666603088379,
    0.7566666603088379
  ]
}