{
  "loss": [
    1.0834712982177734,
    0.6783220171928406,
    0.5659602284431458,
    0.4969205856323242,
    0.4470479488372803,
    0.4082533121109009,
    0.3767167031764984,
    0.35036659240722656,
    0.32789430022239685,
    0.3083913028240204,
    0.2912333607673645,
    0.27597132325172424,
    0.2622716724872589,
    0.24988076090812683,
    0.23860207200050354,
    0.22827133536338806,
    0.21875600516796112,
    0.20995678007602692,
    0.20179274678230286,
    0.19419565796852112
  ],
  "accuracy": [
    0.7258854508399963,
    0.818620502948761,
    0.8450742363929749,
    0.8606770038604736,
    0.8725076913833618,
    0.8809092044830322,
    0.8888208270072937,
    0.895605742931366,
    0.9007005095481873,
    0.9055748581886292,
    0.910277783870697,
    0.914098858833313,
    0.9181404113769531,
    0.9215205907821655,
    0.9246068596839905,
    0.9272277355194092,
    0.9298241138458252,
    0.9327144622802734,
    0.9346984624862671,
    0.9365110397338867
  ],
  "val_loss": [
    0.7090187668800354,
    0.6103125214576721,
    0.5598633885383606,
    0.5270570516586304,
    0.5034156441688538,
    0.48501095175743103,
    0.47053271532058716,
    0.4592296779155731,
    0.4507390856742859,
    0.4443240165710449,
    0.439545214176178,
    0.4360195994377136,
    0.4334830641746521,
    0.4317033886909485,
    0.4305391013622284,
    0.42989596724510193,
    0.4296973943710327,
    0.42988157272338867,
    0.4303972125053406,
    0.4312034249305725
  ],
  "val_accuracy": [
    0.7880865931510925,
    0.8138532638549805,
    0.8282551169395447,
    0.8350151777267456,
    0.8402076959609985,
    0.8472616672515869,
    0.8511805534362793,
    0.8552953600883484,
    0.8583325147628784,
    0.8606838583946228,
    0.8624473214149475,
    0.8639169335365295,
    0.8652885556221008,
    0.8661702871322632,
    0.8661702871322632,
    0.8675419092178345,
    0.8686195611953735,
    0.868913471698761,
    0.8694033622741699,
    0.8696972727775574
  ]
}